row_index,target,prediction,probability
0,0,0,0.125
1,1,1,1.0
2,1,0,0.375
3,1,1,1.0
4,0,0,0.0
5,0,0,0.125
6,0,0,0.25
7,0,0,0.25
8,1,1,0.625
9,1,1,0.875
10,1,1,0.625
11,1,1,0.75
12,0,0,0.125
13,0,0,0.125
14,0,1,0.625
15,1,1,0.875
16,0,0,0.0
17,1,0,0.0
18,0,0,0.375
19,1,1,0.625
20,0,0,0.125
21,1,0,0.125
22,1,1,0.625
23,1,0,0.5
24,0,0,0.0
25,1,0,0.125
26,0,0,0.125
27,0,1,0.75
28,1,1,0.875
29,0,0,0.125
30,0,0,0.25
31,1,1,1.0
32,1,1,1.0
33,0,0,0.125
34,0,1,0.75
35,0,0,0.25
36,1,0,0.0
37,0,0,0.125
38,0,0,0.375
39,1,0,0.5
40,0,1,0.75
41,0,1,1.0
42,0,0,0.125
43,1,1,0.875
44,1,1,0.75
45,0,0,0.0
46,0,0,0.125
47,1,1,0.875
48,0,0,0.25
49,0,0,0.5
50,0,0,0.125
51,0,0,0.125
52,1,1,1.0
53,1,1,0.75
54,0,0,0.125
55,1,0,0.375
56,1,1,0.875
57,0,0,0.125
58,1,1,0.875
59,0,0,0.125
60,0,0,0.375
61,1,1,1.0
62,0,0,0.375
63,0,0,0.25
64,0,0,0.5
65,1,0,0.5
66,1,1,0.875
67,0,0,0.0
68,1,0,0.125
69,0,0,0.125
70,0,0,0.125
71,0,0,0.25
72,0,0,0.125
73,0,0,0.25
74,1,0,0.5
75,0,0,0.0
76,0,0,0.125
77,0,0,0.0
78,1,1,1.0
79,1,0,0.25
80,0,0,0.0
81,1,0,0.125
82,1,1,0.875
83,0,0,0.5
84,1,1,0.875
85,1,1,0.625
86,0,0,0.0
87,0,0,0.0
88,1,1,0.75
89,0,0,0.125
90,0,0,0.125
91,0,0,0.0
92,0,0,0.5
93,0,0,0.0
94,0,0,0.0
95,0,0,0.0
96,0,0,0.25
97,1,0,0.375
98,1,1,0.875
99,0,0,0.125
100,0,0,0.375
101,0,0,0.0
102,0,0,0.25
103,0,0,0.125
104,0,0,0.0
105,0,0,0.125
106,1,1,0.625
107,1,0,0.0
108,0,0,0.125
109,1,1,0.875
110,0,1,0.625
111,0,1,0.75
112,0,0,0.0
113,0,0,0.375
114,0,1,0.625
115,0,0,0.125
116,0,0,0.0
117,0,0,0.25
118,0,0,0.375
119,0,0,0.25
120,0,0,0.0
121,0,0,0.0
122,0,0,0.375
123,1,1,0.875
124,0,0,0.0
125,1,0,0.5
126,0,0,0.125
127,1,0,0.0
128,1,0,0.5
129,0,0,0.25
130,0,0,0.0
131,0,0,0.0
132,0,1,0.625
133,1,1,0.875
134,0,0,0.0
135,0,0,0.5
136,1,1,1.0
137,0,0,0.5
138,0,0,0.25
139,0,0,0.25
140,0,1,0.75
141,1,0,0.5
142,1,0,0.375
143,0,0,0.125
144,0,0,0.125
145,0,0,0.0
146,1,0,0.25
147,0,0,0.125
148,0,0,0.0
149,0,0,0.125
150,0,0,0.125
151,1,1,1.0
152,0,0,0.0
153,0,0,0.125
154,0,0,0.125
155,0,0,0.25
156,1,1,0.75
157,0,0,0.0
158,0,0,0.125
159,0,0,0.0
160,0,0,0.125
161,1,1,1.0
162,0,0,0.125
163,0,0,0.25
164,0,0,0.125
165,1,1,0.875
166,1,1,1.0
167,0,0,0.25
168,0,0,0.5
169,0,0,0.5
170,0,0,0.25
171,0,0,0.125
172,1,0,0.5
173,0,0,0.125
174,0,0,0.25
175,0,0,0.125
176,0,0,0.25
177,0,1,1.0
178,0,0,0.25
179,0,0,0.0
180,0,0,0.0
181,0,0,0.125
182,0,0,0.125
183,1,1,0.75
184,1,1,0.75
185,0,0,0.375
186,1,1,0.625
187,1,0,0.375
188,0,0,0.0
189,0,0,0.0
190,1,1,0.875
191,0,0,0.125
192,1,0,0.375
193,1,1,1.0
194,1,1,0.875
195,1,1,0.875
196,0,0,0.125
197,0,0,0.0
198,1,1,0.75
199,0,1,1.0
200,0,0,0.125
201,0,0,0.0
202,0,0,0.0
203,0,0,0.0
204,1,0,0.0
205,0,1,0.75
206,0,0,0.0
207,1,0,0.25
208,1,1,0.75
209,1,0,0.25
210,0,0,0.125
211,1,1,0.875
212,0,0,0.0
213,0,0,0.25
214,0,0,0.0
215,1,1,1.0
216,1,0,0.375
217,0,0,0.125
218,1,1,1.0
219,0,0,0.25
220,1,0,0.125
221,0,0,0.125
222,0,0,0.125
223,0,0,0.0
224,1,0,0.25
225,0,0,0.0
226,1,0,0.0
227,0,0,0.125
228,0,0,0.125
229,0,0,0.25
230,1,1,1.0
231,0,0,0.25
232,0,0,0.125
233,1,0,0.125
234,0,0,0.0
235,0,0,0.375
236,0,0,0.25
237,1,1,0.875
238,0,0,0.125
239,0,0,0.125
240,0,1,0.625
241,1,1,1.0
242,0,0,0.125
243,0,0,0.0
244,0,0,0.125
245,0,0,0.5
246,0,0,0.5
247,1,1,0.875
248,1,0,0.5
249,0,0,0.125
250,0,0,0.125
251,0,1,0.625
252,0,0,0.125
253,0,0,0.0
254,0,1,1.0
255,1,1,0.75
256,1,1,1.0
257,1,1,1.0
258,1,1,1.0
259,1,1,1.0
260,0,0,0.0
261,1,0,0.0
262,0,0,0.5
263,0,1,0.625
264,0,1,1.0
265,0,0,0.125
266,0,0,0.0
267,1,0,0.125
268,1,1,1.0
269,1,1,1.0
270,0,0,0.5
271,1,0,0.125
272,1,1,1.0
273,0,0,0.5
274,1,1,0.75
275,1,1,1.0
276,0,0,0.375
277,0,0,0.125
278,0,0,0.0
279,1,0,0.5
280,0,0,0.0
281,0,0,0.125
282,0,0,0.25
283,1,0,0.0
284,0,0,0.5
285,0,0,0.0
286,1,0,0.0
287,0,0,0.0
288,1,0,0.0
289,1,1,0.75
290,1,1,1.0
291,1,1,1.0
292,0,0,0.25
293,0,1,0.75
294,0,0,0.125
295,0,0,0.5
296,0,0,0.5
297,0,1,0.875
298,1,0,0.25
299,1,1,1.0
300,1,1,0.875
301,1,0,0.0
302,0,0,0.125
303,1,1,0.875
304,0,0,0.0
305,1,1,1.0
306,1,1,1.0
307,1,1,1.0
308,0,0,0.125
309,1,1,0.875
310,1,1,1.0
311,1,1,0.875
312,0,1,0.875
313,0,0,0.25
314,0,0,0.0
315,1,0,0.5
316,1,1,0.75
317,0,0,0.0
318,1,1,0.75
319,1,1,1.0
320,0,0,0.0
321,0,0,0.25
322,1,1,0.75
323,1,1,0.875
324,0,0,0.0
325,1,1,1.0
326,0,0,0.0
327,1,1,1.0
328,1,1,0.625
329,1,1,1.0
330,1,1,0.875
331,0,0,0.25
332,0,0,0.25
333,0,0,0.125
334,1,1,1.0
335,0,0,0.125
336,0,0,0.375
337,1,1,1.0
338,1,0,0.125
339,0,0,0.375
340,1,1,1.0
341,1,1,0.625
342,0,0,0.0
343,0,0,0.125
344,0,0,0.125
345,1,1,0.875
346,1,1,0.875
347,1,0,0.375
348,1,1,1.0
349,0,0,0.125
350,0,0,0.0
351,0,0,0.5
352,0,0,0.375
353,0,0,0.125
354,0,0,0.125
355,0,0,0.25
356,1,1,1.0
357,0,1,1.0
358,1,1,1.0
359,1,1,0.875
360,0,0,0.0
361,0,0,0.25
362,0,1,0.75
363,0,0,0.0
364,0,0,0.0
365,0,0,0.125
366,1,1,1.0
367,1,1,0.625
368,1,1,0.75
369,1,1,0.875
370,1,0,0.25
371,0,0,0.25
372,0,0,0.125
373,0,0,0.375
374,0,0,0.375
375,1,1,1.0
376,1,0,0.5
377,0,0,0.25
378,0,0,0.375
379,0,0,0.125
380,1,1,1.0
381,1,1,0.625
382,0,0,0.25
383,1,1,1.0
384,0,0,0.125
385,0,0,0.125
386,0,0,0.125
387,1,1,0.75
388,0,0,0.0
389,1,1,0.75
390,1,0,0.375
391,1,0,0.0
392,0,0,0.0
393,1,1,1.0
394,1,1,0.625
395,0,0,0.0
396,0,0,0.25
397,0,0,0.125
398,0,0,0.0
399,1,1,0.875
400,1,0,0.0
401,0,0,0.125
402,0,0,0.5
403,0,0,0.0
404,0,0,0.5
405,0,0,0.25
406,0,0,0.25
407,1,1,1.0
408,0,0,0.125
409,0,0,0.125
410,0,0,0.0
411,0,0,0.125
412,1,1,1.0
413,0,0,0.125
414,1,0,0.125
415,0,1,0.75
416,1,1,0.875
417,1,1,0.875
418,0,0,0.25
419,0,1,0.625
420,0,0,0.0
421,0,0,0.125
422,0,0,0.125
423,0,0,0.375
424,0,0,0.125
425,0,0,0.125
426,1,1,0.875
427,1,1,0.875
428,0,0,0.125
429,1,0,0.375
430,1,1,0.625
431,1,0,0.375
432,1,1,0.75
433,0,0,0.125
434,0,0,0.125
435,1,1,0.75
436,0,0,0.25
437,1,1,0.875
438,0,0,0.125
439,0,0,0.25
440,1,1,0.75
441,0,0,0.0
442,0,0,0.125
443,1,1,0.75
444,1,0,0.0
445,1,1,1.0
446,1,1,1.0
447,1,1,0.625
448,1,1,0.625
449,1,0,0.25
450,0,0,0.0
451,0,0,0.0
452,0,0,0.5
453,1,0,0.375
454,0,0,0.0
455,1,0,0.125
456,0,0,0.375
457,1,1,1.0
458,1,1,0.75
459,0,0,0.125
460,1,0,0.25
461,0,0,0.0
462,0,0,0.5
463,0,0,0.125
464,0,0,0.0
465,0,0,0.125
466,0,0,0.125
467,0,0,0.25
468,0,0,0.0
469,1,1,0.75
470,0,0,0.0
471,0,0,0.125
472,1,1,0.875
473,1,1,0.875
474,0,1,0.625
475,0,0,0.375
476,0,0,0.125
477,0,0,0.125
478,0,0,0.0
479,1,1,0.625
480,0,0,0.125
481,0,0,0.125
482,0,0,0.125
483,1,0,0.5
484,1,0,0.5
485,0,0,0.25
486,1,1,1.0
487,0,0,0.375
488,0,0,0.0
489,1,1,1.0
490,0,0,0.0
491,0,0,0.125
492,0,0,0.25
493,0,0,0.0
494,0,0,0.0
495,0,0,0.125
496,1,1,0.875
497,0,0,0.25
498,0,1,0.875
499,0,0,0.0
500,0,0,0.25
501,0,1,0.875
502,0,1,0.875
503,0,0,0.375
504,1,1,1.0
505,0,0,0.5
506,1,1,1.0
507,1,0,0.5
508,0,0,0.125
509,1,0,0.375
510,1,0,0.125
511,0,0,0.0
512,1,1,0.625
513,1,1,1.0
514,0,0,0.0
515,0,0,0.5
516,1,1,1.0
517,0,0,0.125
518,1,1,0.75
519,0,0,0.375
520,1,1,1.0
521,0,0,0.0
522,0,0,0.0
523,1,1,0.875
524,0,0,0.125
525,0,0,0.0
526,1,1,1.0
527,0,0,0.125
528,0,0,0.125
529,0,0,0.0
530,1,1,1.0
531,0,0,0.125
532,0,0,0.375
533,1,1,0.625
534,0,0,0.375
535,1,1,0.875
536,0,0,0.25
537,1,1,1.0
538,0,0,0.25
539,1,1,1.0
540,1,1,1.0
541,0,0,0.25
542,0,0,0.125
543,1,0,0.125
544,0,0,0.5
545,0,0,0.25
546,1,1,0.75
547,1,0,0.0
548,0,0,0.0
549,1,1,1.0
550,1,0,0.375
551,0,0,0.0
552,0,0,0.125
553,1,0,0.375
554,1,0,0.375
555,0,0,0.125
556,1,1,0.875
557,0,0,0.125
558,1,1,1.0
559,1,0,0.5
560,0,0,0.125
561,0,0,0.125
562,0,0,0.125
563,0,0,0.0
564,0,0,0.375
565,0,0,0.125
566,0,0,0.125
567,0,1,0.625
568,0,0,0.125
569,1,0,0.25
570,1,0,0.0
571,1,1,1.0
572,1,1,0.75
573,1,1,0.75
574,0,0,0.25
575,0,0,0.0
576,1,1,0.875
577,1,1,1.0
578,0,1,0.625
579,1,0,0.375
580,1,1,0.875
581,1,1,1.0
582,0,0,0.125
583,0,0,0.5
584,0,0,0.125
585,1,1,1.0
586,0,0,0.125
587,1,0,0.25
588,0,0,0.0
589,0,0,0.0
590,0,0,0.0
591,1,1,1.0
592,0,0,0.25
593,0,1,0.875
594,0,0,0.0
595,0,0,0.0
596,1,1,0.75
597,0,0,0.125
598,0,0,0.125
599,1,0,0.5
600,1,1,0.75
601,0,0,0.0
602,0,0,0.375
603,0,0,0.125
604,1,0,0.25
605,0,0,0.0
606,0,0,0.0
607,1,1,0.625
608,1,1,0.75
609,1,1,1.0
610,0,0,0.25
611,0,0,0.125
612,1,1,0.875
613,0,0,0.125
614,0,0,0.0
615,1,1,0.75
616,0,0,0.0
617,0,0,0.5
618,1,1,0.875
619,0,0,0.0
620,0,0,0.25
621,1,0,0.25
622,1,0,0.125
623,0,0,0.125
624,0,0,0.0
625,0,0,0.25
626,0,0,0.125
627,1,1,1.0
628,0,0,0.125
629,0,0,0.0
630,1,0,0.25
631,0,0,0.0
632,1,0,0.375
633,0,0,0.375
634,0,0,0.125
635,1,1,0.75
636,0,0,0.375
637,0,0,0.0
638,0,0,0.125
639,0,0,0.0
640,0,0,0.0
641,1,1,0.875
642,0,0,0.0
643,1,0,0.5
644,1,1,0.75
645,1,1,0.625
646,0,0,0.125
647,1,0,0.375
648,0,0,0.125
649,1,0,0.5
650,0,0,0.0
651,1,1,0.875
652,0,0,0.125
653,1,1,0.875
654,0,1,0.75
655,0,0,0.0
656,0,0,0.125
657,0,1,0.75
658,0,0,0.0
659,0,0,0.25
660,1,0,0.375
661,0,0,0.0
662,0,0,0.5
663,0,0,0.0
664,1,0,0.125
665,0,0,0.125
666,0,0,0.125
667,0,0,0.0
668,0,0,0.125
669,1,1,1.0
670,1,1,0.875
671,0,0,0.375
672,0,0,0.125
673,1,0,0.0
674,0,0,0.125
675,0,0,0.125
676,0,0,0.0
677,1,0,0.5
678,0,0,0.375
679,1,0,0.25
680,0,1,0.875
681,1,0,0.375
682,0,0,0.0
683,0,0,0.125
684,0,0,0.125
685,0,0,0.125
686,0,0,0.0
687,0,0,0.125
688,0,0,0.125
689,1,1,1.0
690,1,0,0.25
691,1,1,0.875
692,1,0,0.5
693,0,0,0.375
694,0,0,0.125
695,0,0,0.125
696,0,0,0.25
697,1,1,0.875
698,0,0,0.375
699,0,0,0.25
700,1,1,1.0
701,1,1,0.625
702,0,1,0.875
703,0,0,0.25
704,0,0,0.25
705,0,0,0.25
706,1,1,0.75
707,1,1,0.625
708,1,1,1.0
709,1,1,0.625
710,1,1,0.875
711,0,0,0.5
712,1,0,0.125
713,0,0,0.125
714,0,0,0.25
715,0,0,0.125
716,1,1,1.0
717,1,1,0.875
718,0,0,0.125
719,0,0,0.25
720,1,1,0.875
721,0,0,0.125
722,0,0,0.25
723,0,0,0.125
724,1,0,0.25
725,0,0,0.0
726,1,1,0.875
727,1,1,0.875
728,0,0,0.0
729,0,0,0.375
730,1,1,1.0
731,0,0,0.375
732,0,0,0.125
733,0,0,0.0
734,0,0,0.0
735,0,0,0.125
736,0,0,0.5
737,1,0,0.375
738,0,0,0.125
739,0,0,0.125
740,1,0,0.375
741,0,0,0.25
742,1,1,1.0
743,0,0,0.125
744,1,0,0.25
745,0,0,0.5
746,0,0,0.125
747,1,1,0.875
748,0,0,0.375
749,0,0,0.125
750,1,1,1.0
751,1,1,1.0
752,0,0,0.25
753,0,0,0.0
754,1,1,0.875
755,1,1,1.0
756,0,0,0.125
757,0,0,0.125
758,0,0,0.0
759,1,1,1.0
760,0,0,0.0
761,0,0,0.25
762,1,0,0.375
763,1,1,1.0
764,0,0,0.0
765,1,1,1.0
766,0,0,0.375
767,0,1,0.875
768,0,0,0.125
769,0,0,0.25
770,0,0,0.125
771,0,0,0.125
772,0,1,1.0
773,0,0,0.125
774,1,1,0.75
775,0,0,0.0
776,0,0,0.125
777,1,0,0.5
778,0,0,0.125
779,1,1,1.0
780,1,1,0.625
781,1,1,1.0
782,0,0,0.5
783,0,0,0.0
784,0,0,0.0
785,0,0,0.125
786,1,0,0.5
787,0,0,0.0
788,1,1,0.875
789,0,0,0.5
790,0,0,0.125
791,0,0,0.125
792,0,0,0.125
793,0,0,0.5
794,0,0,0.0
795,0,0,0.25
796,1,1,0.625
797,1,1,0.75
798,0,0,0.0
799,0,1,0.75
800,0,0,0.25
801,1,1,1.0
802,1,1,1.0
803,1,1,0.875
804,1,0,0.25
805,0,0,0.375
806,0,1,0.625
807,0,1,0.625
808,0,0,0.25
809,1,1,1.0
810,0,0,0.125
811,0,0,0.125
812,0,0,0.125
813,0,0,0.25
814,0,0,0.125
815,0,0,0.25
816,0,0,0.5
817,0,0,0.25
818,0,0,0.25
819,0,0,0.25
820,1,1,1.0
821,1,0,0.25
822,0,0,0.125
823,1,1,0.625
824,0,0,0.125
825,0,0,0.0
826,0,1,0.625
827,1,1,0.875
828,1,0,0.0
829,1,1,1.0
830,1,1,0.75
831,1,1,1.0
832,0,0,0.125
833,0,0,0.0
834,0,0,0.25
835,1,1,1.0
836,0,0,0.125
837,0,0,0.0
838,1,1,0.625
839,1,0,0.5
840,0,0,0.0
841,0,0,0.125
842,1,1,1.0
843,0,0,0.0
844,0,0,0.25
845,0,0,0.25
846,0,0,0.0
847,0,0,0.0
848,0,0,0.0
849,1,1,1.0
850,0,0,0.125
851,0,0,0.0
852,0,1,1.0
853,1,1,1.0
854,0,1,1.0
855,1,1,0.625
856,1,1,0.875
857,1,0,0.25
858,1,1,0.625
859,0,0,0.125
860,0,0,0.0
861,0,0,0.0
862,1,1,0.875
863,0,0,0.0
864,0,0,0.125
865,1,1,1.0
866,1,1,0.875
867,0,0,0.375
868,0,0,0.25
869,1,1,1.0
870,0,0,0.125
871,1,1,1.0
872,0,0,0.25
873,0,0,0.25
874,1,1,0.875
875,1,1,0.625
876,0,0,0.0
877,0,0,0.125
878,0,0,0.0
879,1,1,1.0
880,1,1,0.875
881,0,0,0.25
882,0,0,0.5
883,0,0,0.0
884,0,0,0.125
885,0,0,0.25
886,0,0,0.0
887,1,1,1.0
888,0,0,0.375
889,1,0,0.5
890,0,0,0.0
