row_index,target,prediction,probability,fold
0,0,0,0.07162701054475772,4
1,1,1,0.9978886327229907,0
2,1,0,0.47138727642275535,4
3,1,1,0.9973289382046772,1
4,0,0,0.11298166633064245,3
5,0,0,0.13478367503643307,3
6,0,0,0.13559359307344174,0
7,0,0,0.4300302495365433,2
8,1,1,0.5600782140155857,3
9,1,1,0.9923506388300856,2
10,1,1,0.6492057511542041,1
11,1,1,0.8427740448639118,0
12,0,0,0.1862864590941064,1
13,0,0,0.21863939302986504,4
14,0,1,0.6391452116552818,2
15,1,1,0.8234025472477445,2
16,0,0,0.2922690523356411,2
17,1,0,0.07149105286099258,1
18,0,1,0.6034199461710302,1
19,1,1,0.6935124399771583,1
20,0,0,0.1187499378705219,1
21,1,0,0.08702544338412337,2
22,1,1,0.5590164447392635,0
23,1,0,0.22718361585005803,1
24,0,0,0.4938177553101067,1
25,1,0,0.031509193015196814,3
26,0,0,0.08266030034928483,2
27,0,0,0.3222910072190514,2
28,1,1,0.6486526914294822,3
29,0,0,0.09501959982250728,3
30,0,0,0.4103665731065488,0
31,1,1,0.9571073407849489,1
32,1,1,0.744651842457775,4
33,0,0,0.14192982810855526,0
34,0,0,0.4805197174422131,2
35,0,0,0.28171037593748843,1
36,1,0,0.05498163999476545,4
37,0,0,0.12334274934778774,0
38,0,1,0.6054963257857936,0
39,1,1,0.5449945130472579,2
40,0,0,0.3112355223553903,4
41,0,1,0.9273094206193964,4
42,0,0,0.1542770762508999,1
43,1,1,0.9161123351367233,0
44,1,1,0.649712236468449,3
45,0,0,0.111112860752695,4
46,0,0,0.10229373930798992,1
47,1,1,0.7563658248172735,0
48,0,0,0.21064207771611065,2
49,0,1,0.6394339675285698,0
50,0,0,0.10642305513141226,0
51,0,0,0.10012995815708148,2
52,1,1,0.9644676683591434,3
53,1,1,0.9594084178047774,2
54,0,0,0.15325049975164,1
55,1,0,0.18161347020318497,1
56,1,1,0.8703694696622629,2
57,0,0,0.16353405446136227,4
58,1,1,0.9217917765731797,0
59,0,0,0.12871384742805886,4
60,0,0,0.17251773017694422,4
61,1,1,0.9960034580257858,0
62,0,0,0.42851754377548196,0
63,0,0,0.2556817224343435,1
64,0,0,0.3857638856081064,4
65,1,1,0.5234065012995326,1
66,1,1,0.8574235768974774,0
67,0,0,0.0848741074866736,4
68,1,0,0.34068550428834643,1
69,0,0,0.09557388922987771,1
70,0,0,0.15444447411560705,2
71,0,0,0.10879158574615368,4
72,0,0,0.2553403977885903,0
73,0,0,0.21903623719475568,4
74,1,0,0.36054510219190805,1
75,0,0,0.13261256982901864,3
76,0,0,0.09501959982250728,3
77,0,0,0.1027277544658784,2
78,1,1,0.7446263379356648,2
79,1,0,0.45028054645094884,1
80,0,0,0.08136966588909236,0
81,1,0,0.09825868476513713,0
82,1,1,0.6416412410778298,3
83,0,0,0.22523208428983083,1
84,1,1,0.8705547713362346,1
85,1,0,0.43598326056167286,4
86,0,0,0.1744541982991756,0
87,0,0,0.10365427129915081,0
88,1,1,0.8128925781919775,4
89,0,0,0.09063508798877436,3
90,0,0,0.16021356910151885,3
91,0,0,0.07541146621569644,4
92,0,0,0.4237510188018331,4
93,0,0,0.05130547218838096,0
94,0,0,0.06807864067976886,2
95,0,0,0.10529991186615838,3
96,0,0,0.196762833213416,2
97,1,0,0.29271089817478313,1
98,1,1,0.9452575067721785,0
99,0,0,0.12528185684617482,1
100,0,1,0.5540033116772644,3
101,0,0,0.0662431809829412,2
102,0,0,0.29911168434378105,4
103,0,0,0.12111653273310356,4
104,0,0,0.20502555513019302,0
105,0,0,0.0949874000620545,4
106,1,1,0.6392630575957945,0
107,1,0,0.07763615649327284,1
108,0,0,0.10106684051179853,3
109,1,0,0.25714381165966677,4
110,0,0,0.29440838937607455,2
111,0,1,0.8018342985701573,4
112,0,0,0.10485689594738457,0
113,0,0,0.338695780965387,1
114,0,1,0.7546888579271509,4
115,0,0,0.11508917315024886,4
116,0,0,0.11413366667415092,1
117,0,0,0.06186661873968967,0
118,0,0,0.34987591982443045,3
119,0,0,0.17485951411183726,4
120,0,0,0.205644326360352,4
121,0,0,0.111112860752695,4
122,0,0,0.3388207833679391,1
123,1,1,0.879586179510221,0
124,0,0,0.17019081570727412,3
125,1,1,0.7067088058276184,4
126,0,0,0.12526958716742492,3
127,1,0,0.07748914486791814,2
128,1,0,0.4136375670886637,2
129,0,0,0.09568844252172204,1
130,0,0,0.13934131828139296,3
131,0,0,0.10001752705790774,2
132,0,0,0.3689298556311117,0
133,1,1,0.9210833026279752,0
134,0,0,0.06294122419440622,1
135,0,0,0.3071907578256604,1
136,1,1,0.9771928657575495,2
137,0,0,0.42974041525446305,4
138,0,0,0.1437568232474779,1
139,0,0,0.43555185138313796,3
140,0,1,0.7263061387735353,4
141,1,1,0.5525692533982478,2
142,1,1,0.6087430854889173,1
143,0,0,0.1496313061373843,2
144,0,0,0.1004886510398317,3
145,0,0,0.09293718827354484,2
146,1,0,0.12618726756441911,2
147,0,0,0.19265677788057928,0
148,0,0,0.07733562767047032,3
149,0,0,0.3259750723033604,4
150,0,0,0.3760292948156104,3
151,1,1,0.9967285570662908,0
152,0,0,0.10505494733665838,0
153,0,0,0.06456806630787484,0
154,0,0,0.05034027430548892,2
155,0,0,0.28412353209903307,4
156,1,1,0.8155811227573944,4
157,0,0,0.14369861900004638,4
158,0,0,0.10036249975029252,0
159,0,0,0.16293694786714713,4
160,0,0,0.06951358341558914,0
161,1,1,0.8795546959962404,1
162,0,0,0.11658604240827385,4
163,0,0,0.125272842074855,1
164,0,0,0.32076215832552035,4
165,1,1,0.6080932613782782,3
166,1,1,0.9977185485942875,1
167,0,0,0.12259061972807295,0
168,0,0,0.24860322175447894,3
169,0,0,0.4970383931776487,4
170,0,0,0.07831466568408711,0
171,0,0,0.18041871542386925,3
172,1,1,0.568774082901813,1
173,0,0,0.2141200631761493,0
174,0,0,0.17595573078485752,4
175,0,0,0.07816289160057632,3
176,0,0,0.17951562423363174,0
177,0,1,0.978780025670556,4
178,0,0,0.15801428749108834,4
179,0,0,0.04566347008626436,4
180,0,0,0.09222615998358707,1
181,0,0,0.22015559786982622,1
182,0,0,0.06414156558266987,3
183,1,1,0.7902649416888882,1
184,1,0,0.42807360744557743,2
185,0,0,0.2972965633711887,2
186,1,1,0.7082695543755823,4
187,1,1,0.5273717332359604,4
188,0,0,0.09672759792782432,2
189,0,0,0.10022432168608642,3
190,1,1,0.8806305146191222,0
191,0,0,0.10085917896006018,3
192,1,1,0.5095203465415707,2
193,1,1,0.8514828378763597,3
194,1,1,0.9179516998010953,0
195,1,1,0.8845777490026312,3
196,0,0,0.12526958716742492,3
197,0,0,0.11246076287212595,0
198,1,1,0.6501894819428997,3
199,0,1,0.9664772891295963,4
200,0,0,0.0931515528365982,0
201,0,0,0.27014190279081274,4
202,0,0,0.05045246121330575,0
203,0,0,0.0638396692032581,0
204,1,0,0.07843289001980698,4
205,0,1,0.8500291994904209,3
206,0,0,0.1432945952471941,0
207,1,0,0.08055580841412771,0
208,1,1,0.7062989382757108,3
209,1,0,0.24738850699923481,0
210,0,0,0.13267929684933535,1
211,1,1,0.9855111197435114,4
212,0,0,0.04934451036078652,3
213,0,0,0.15801428749108834,4
214,0,0,0.101566810385758,1
215,1,1,0.9977098905856295,1
216,1,0,0.4771243618442379,0
217,0,0,0.22908218823431908,3
218,1,1,0.9982898883874043,0
219,0,0,0.11782817783249744,3
220,1,0,0.10243071335144381,2
221,0,0,0.15277276882820134,3
222,0,0,0.12640218521890062,3
223,0,0,0.08155285873725561,4
224,1,0,0.3144685824333017,1
225,0,0,0.0753352586948411,4
226,1,0,0.0651180102489467,2
227,0,0,0.11288930984805615,1
228,0,0,0.12374409462016023,0
229,0,0,0.15718954283403025,0
230,1,1,0.9981822098843739,3
231,0,0,0.1830212863822965,3
232,0,0,0.11358383371147955,2
233,1,0,0.05615406315668686,3
234,0,0,0.09553902770838062,3
235,0,1,0.685408386650756,0
236,0,0,0.09236282581527624,0
237,1,1,0.9513410854881014,1
238,0,0,0.111710121814434,3
239,0,0,0.08823817535135849,1
240,0,1,0.5259110690710634,1
241,1,1,0.623093542344363,3
242,0,0,0.09843158044378258,0
243,0,0,0.11318798100403037,0
244,0,0,0.10517646710518135,1
245,0,0,0.48862294611187573,3
246,0,1,0.5462362275528679,1
247,1,1,0.8729066159664509,1
248,1,0,0.40435458584379463,4
249,0,0,0.34078336768898154,1
250,0,0,0.05034027430548892,2
251,0,1,0.5328158883816035,2
252,0,0,0.33944343043952985,2
253,0,0,0.07774219383875157,1
254,0,0,0.4767685427388393,1
255,1,1,0.7207935276081786,4
256,1,1,0.9988074711437147,4
257,1,1,0.9976069934827324,1
258,1,1,0.9190516382205332,1
259,1,1,0.8510074271774972,2
260,0,0,0.060749233145513934,2
261,1,0,0.2724155014096887,2
262,0,0,0.3724291436793067,0
263,0,0,0.2760337651478253,1
264,0,1,0.744651842457775,4
265,0,0,0.0932251968701756,4
266,0,0,0.08345691683870836,1
267,1,0,0.10631345659671122,4
268,1,1,0.8854065770368961,4
269,1,1,0.9971030121489465,2
270,0,0,0.378415698269198,4
271,1,0,0.11770772655011374,0
272,1,1,0.8965229226404163,4
273,0,1,0.5002847755888158,2
274,1,1,0.6501894819428997,3
275,1,1,0.9414518933522722,1
276,0,0,0.4594820227696673,3
277,0,0,0.06982796883846665,0
278,0,0,0.13869221002665427,1
279,1,1,0.5408464575810418,0
280,0,0,0.09675664129168161,2
281,0,0,0.10051649758622763,2
282,0,0,0.14809130437738202,1
283,1,0,0.0813738667330932,4
284,0,0,0.2724384527457485,3
285,0,0,0.11875423009991479,2
286,1,0,0.0970703113854271,3
287,0,0,0.06968089110546526,4
288,1,0,0.09548377420140676,3
289,1,1,0.6556828455957189,1
290,1,1,0.9472060767475898,1
291,1,1,0.9895048768784963,3
292,0,0,0.13753509179908927,3
293,0,0,0.49135843053878336,3
294,0,0,0.0815502494313406,0
295,0,0,0.3857638856081064,4
296,0,0,0.2508117074972498,1
297,0,1,0.9309243481635727,4
298,1,0,0.34908329471005084,0
299,1,1,0.9301875034570357,4
300,1,1,0.7563658248172735,0
301,1,0,0.05631769765193001,4
302,0,0,0.17505167273611524,1
303,1,1,0.9048297744354917,2
304,0,0,0.09812298720800319,1
305,1,1,0.8357415807466281,4
306,1,1,0.9991080374920484,4
307,1,1,0.9900661592258221,4
308,0,0,0.19753762419285267,2
309,1,1,0.9982726611484002,1
310,1,1,0.9841318146384461,3
311,1,1,0.8930593907763994,1
312,0,1,0.9458012800535966,2
313,0,0,0.12341545509731885,3
314,0,0,0.16205948893521133,1
315,1,1,0.5456550761024722,1
316,1,1,0.8874762656532381,0
317,0,0,0.3135125397286104,4
318,1,1,0.9002114852492142,2
319,1,1,0.9974044285227898,2
320,0,0,0.08959070940370589,1
321,0,0,0.09903900162015808,2
322,1,1,0.8784402050764915,0
323,1,1,0.9679337606432823,3
324,0,0,0.13267738812058327,3
325,1,1,0.9971030121489465,2
326,0,0,0.09117750595092182,3
327,1,1,0.9574924009608974,3
328,1,0,0.4145671227138479,3
329,1,1,0.9871879080745142,0
330,1,0,0.4878484236597928,2
331,0,0,0.30410436963374027,3
332,0,0,0.4168665584132396,4
333,0,0,0.07521404084661445,2
334,1,1,0.9985122697376052,0
335,0,0,0.09501959982250728,3
336,0,0,0.4437555381346362,0
337,1,1,0.9990528027274383,3
338,1,0,0.11033189174755133,0
339,0,0,0.24403212721231665,0
340,1,1,0.7565826778463335,2
341,1,1,0.8150078666966868,1
342,0,0,0.06323754510168761,1
343,0,0,0.12000959725873026,3
344,0,0,0.07483171620641119,1
345,1,1,0.8457641824245566,2
346,1,1,0.8213688312808085,2
347,1,1,0.5233161711600965,3
348,1,1,0.7441651030523417,1
349,0,0,0.12114916433162622,2
350,0,0,0.07487021775577711,2
351,0,0,0.36870459185144777,2
352,0,0,0.2946048554269979,2
353,0,0,0.06886407950765391,3
354,0,0,0.12991449347630482,1
355,0,0,0.11248945104588914,2
356,1,1,0.9971221484373258,0
357,0,1,0.9587891815238504,3
358,1,1,0.709858862397074,1
359,1,1,0.7314484901728516,0
360,0,0,0.19773055532290953,4
361,0,0,0.3449498503251112,1
362,0,0,0.4559894228650099,3
363,0,0,0.03886266642574184,0
364,0,0,0.11011728523512931,2
365,0,0,0.05899089701180921,0
366,1,1,0.9267345994646221,4
367,1,1,0.7404737797451133,0
368,1,1,0.6501894819428997,3
369,1,1,0.6970768372462117,4
370,1,1,0.5266859524160716,3
371,0,0,0.16891404821289221,1
372,0,0,0.18264498804601847,0
373,0,0,0.3126606680525063,1
374,0,1,0.5989475808412895,0
375,1,1,0.9989714579670491,2
376,1,1,0.5719769211960961,1
377,0,0,0.4466710995625638,2
378,0,0,0.303494030195761,2
379,0,0,0.1339399123240624,1
380,1,1,0.9441044953878913,4
381,1,1,0.7119342555841368,1
382,0,0,0.2730722887136785,0
383,1,1,0.9989714579670491,2
384,0,0,0.09501959982250728,3
385,0,0,0.13337685531871193,1
386,0,0,0.33934690210308516,1
387,1,1,0.8933829735539949,2
388,0,0,0.05031720084032117,2
389,1,1,0.908778556952404,3
390,1,0,0.35417782320723634,2
391,1,0,0.058083652948740336,3
392,0,0,0.1436658574634154,4
393,1,1,0.9955950632850865,4
394,1,1,0.5545868824709487,3
395,0,0,0.10802135403565677,1
396,0,0,0.48335557486731023,1
397,0,0,0.08320219390305736,0
398,0,0,0.24765517601093487,2
399,1,1,0.9083035961602303,1
400,1,0,0.1261674133351803,1
401,0,0,0.10549904708533335,1
402,0,0,0.449608983269916,3
403,0,0,0.07160057269825468,4
404,0,0,0.3715971927519193,4
405,0,0,0.06877276667839181,0
406,0,0,0.081529994713052,3
407,1,1,0.8525211295221585,3
408,0,0,0.1347491537802017,0
409,0,0,0.09917159037257012,2
410,0,0,0.07033343906723902,0
411,0,0,0.08543664777963896,3
412,1,1,0.9975367304124694,1
413,0,0,0.06916407526593368,4
414,1,0,0.1446681649729971,4
415,0,0,0.49784025944109317,0
416,1,1,0.989170532352843,1
417,1,1,0.967174142038788,4
418,0,0,0.12264986265828197,3
419,0,0,0.2487257295257973,2
420,0,0,0.11996780091593319,4
421,0,0,0.1115809560883799,4
422,0,0,0.15747329119801487,3
423,0,1,0.5216879445469303,3
424,0,0,0.09131005313281683,0
425,0,0,0.04520747465788279,4
426,1,1,0.9156487870710922,4
427,1,1,0.9238940302315942,3
428,0,0,0.09835549007630014,4
429,1,0,0.16053434566556427,2
430,1,1,0.5051086094592377,3
431,1,1,0.5233161711600965,3
432,1,1,0.912223320382595,3
433,0,0,0.10283866339712962,3
434,0,0,0.29190980545124734,1
435,1,1,0.9806833758139903,3
436,0,0,0.11280903689455914,2
437,1,1,0.9137689689496926,4
438,0,0,0.22852501844154188,3
439,0,0,0.1623363117137715,2
440,1,1,0.937171650959346,4
441,0,0,0.11538802954355368,0
442,0,0,0.10631345659671122,4
443,1,1,0.6094314749142223,0
444,1,0,0.1014222791712818,3
445,1,1,0.8104730758193127,4
446,1,1,0.9334063455594509,3
447,1,1,0.6698422801438638,2
448,1,1,0.7597084578226084,3
449,1,0,0.3962280441062067,4
450,0,0,0.17621743175581867,1
451,0,0,0.07728778308615536,2
452,0,0,0.49133718878058824,1
453,1,0,0.27626955942624903,1
454,0,0,0.1027277544658784,2
455,1,0,0.1302547635096078,2
456,0,0,0.4414424401177639,1
457,1,1,0.9973289382046772,1
458,1,1,0.7520141456600195,1
459,0,0,0.0733862677248661,0
460,1,0,0.3288410671722708,3
461,0,0,0.09004954272530195,2
462,0,0,0.2890721526963413,2
463,0,0,0.11028311787114571,2
464,0,0,0.111112860752695,4
465,0,0,0.026218257227604385,4
466,0,0,0.06982796883846665,0
467,0,0,0.45036170223217387,1
468,0,0,0.05443318649858808,4
469,1,1,0.7700073444521802,3
470,0,0,0.05827468783560646,1
471,0,0,0.09770697140086347,4
472,1,1,0.9494285220005009,0
473,1,1,0.8943964619293698,2
474,0,0,0.4931536489614727,3
475,0,0,0.1818244958924715,1
476,0,0,0.07819932763406703,4
477,0,0,0.13505741680999958,3
478,0,0,0.04934451036078652,3
479,1,1,0.5945980698248678,1
480,0,0,0.14418738262851488,4
481,0,0,0.06982796883846665,0
482,0,0,0.12592599474271016,3
483,1,0,0.20001398381557253,1
484,1,0,0.43663316575639916,3
485,0,0,0.15718954283403025,0
486,1,1,0.9981822098843739,3
487,0,0,0.28996441205850243,2
488,0,0,0.14369861900004638,4
489,1,1,0.6992632886295098,0
490,0,0,0.056926209781133386,3
491,0,0,0.07133460815398435,2
492,0,0,0.3575668844436978,1
493,0,0,0.07815534815502519,0
494,0,0,0.07278757198975165,3
495,0,0,0.21635145411064102,1
496,1,1,0.9212195929796573,3
497,0,0,0.07761165134983367,2
498,0,1,0.9782229211163017,0
499,0,0,0.09256842072492429,2
500,0,0,0.11700955750661288,0
501,0,1,0.7594644577635135,2
502,0,1,0.7770278667595393,2
503,0,0,0.3528339718554966,0
504,1,1,0.9986964418119969,4
505,0,0,0.3961889509450778,3
506,1,1,0.9481589275839013,1
507,1,1,0.6124296114160247,1
508,0,0,0.08446170533950897,2
509,1,0,0.2948289173030467,1
510,1,0,0.08773508298216441,0
511,0,0,0.1027277544658784,2
512,1,1,0.5973212918662646,4
513,1,1,0.9209746950204735,3
514,0,0,0.06371070025179745,2
515,0,0,0.3444281558985919,2
516,1,1,0.925369236629454,4
517,0,0,0.1408083843495755,1
518,1,1,0.9220556540868363,3
519,0,0,0.129596870466875,2
520,1,1,0.9984103714563056,2
521,0,0,0.0683915123324217,2
522,0,0,0.059179616147010644,4
523,1,1,0.9956602912306305,0
524,0,0,0.11053840290833825,3
525,0,0,0.07542256024490818,4
526,1,1,0.8224638755411221,3
527,0,0,0.28313231374905007,2
528,0,0,0.21174492482699106,0
529,0,0,0.08642155553093413,2
530,1,1,0.8764318079933271,3
531,0,0,0.13134808476181956,1
532,0,0,0.2924992006650931,2
533,1,0,0.4842571143931573,3
534,0,0,0.42903054015248027,0
535,1,1,0.9239865503954166,0
536,0,1,0.5388815795483339,2
537,1,1,0.9982898883874043,0
538,0,0,0.06843580164797355,1
539,1,1,0.993734386340168,4
540,1,1,0.985079072285285,2
541,0,0,0.08386518095903212,2
542,0,0,0.06435613061837488,1
543,1,0,0.10264381378966261,2
544,0,0,0.4608977071597072,0
545,0,0,0.12205487193390228,0
546,1,1,0.9229696289680315,0
547,1,0,0.08293893447735907,0
548,0,0,0.06966804245445452,4
549,1,1,0.7227116442147583,1
550,1,0,0.34774999961184466,2
551,0,0,0.11019008767043152,1
552,0,0,0.10663194151068871,4
553,1,0,0.10831049132660062,3
554,1,1,0.5293767353003792,1
555,0,0,0.31733315245808186,4
556,1,1,0.6168271318172558,3
557,0,0,0.41742772839277126,0
558,1,1,0.9980473628817208,0
559,1,1,0.5284756875279508,1
560,0,0,0.12526958716742492,3
561,0,0,0.07434799105830148,4
562,0,0,0.10913198197322371,4
563,0,0,0.10529991186615838,3
564,0,0,0.4092885340923374,1
565,0,0,0.08299561572886494,1
566,0,0,0.12126177510269098,1
567,0,1,0.6912531291422518,1
568,0,0,0.09177404570541818,2
569,1,0,0.12714873014401387,0
570,1,0,0.07107162396156899,4
571,1,1,0.9612200141368753,0
572,1,1,0.5272841815429907,3
573,1,1,0.6501894819428997,3
574,0,0,0.22161894625937398,1
575,0,0,0.06155747506407365,4
576,1,1,0.879586179510221,0
577,1,1,0.9953984458774663,4
578,0,1,0.5227669957170724,0
579,1,0,0.2208716796931506,3
580,1,1,0.9868062988973157,2
581,1,1,0.9980473628817208,0
582,0,0,0.09146815365246608,1
583,0,0,0.34191753598238356,3
584,0,0,0.11177703966114351,0
585,1,1,0.993734386340168,4
586,0,0,0.06982824188524336,0
587,1,0,0.13922233695484462,4
588,0,0,0.10485689594738457,0
589,0,0,0.111112860752695,4
590,0,0,0.03682472652922339,2
591,1,1,0.930344309532945,3
592,0,0,0.050783852982742204,1
593,0,1,0.7400142025763908,0
594,0,0,0.04591153202526407,2
595,0,0,0.04626211457777906,4
596,1,1,0.9946909002903208,2
597,0,0,0.06999485980400239,2
598,0,0,0.12991449347630482,1
599,1,1,0.5065011014827863,3
600,1,1,0.9238969588504841,1
601,0,0,0.07033343906723902,0
602,0,0,0.17837622435724348,1
603,0,0,0.11004344750140098,4
604,1,1,0.6036044808777278,0
605,0,0,0.03956913454462409,3
606,0,0,0.086062150880409,1
607,1,0,0.4379611906596968,4
608,1,1,0.9803842507442204,3
609,1,1,0.9353585243135151,3
610,0,0,0.14447494407946182,1
611,0,0,0.05002471725222584,2
612,1,1,0.6526308813364291,1
613,0,0,0.12526958716742492,3
614,0,0,0.09584517822233898,1
615,1,1,0.9839354672585743,4
616,0,0,0.06900585008309976,0
617,0,1,0.6838300195907626,4
618,1,1,0.9281148437473996,0
619,0,0,0.1286451311237632,3
620,0,0,0.22481143336510043,4
621,1,0,0.3763420150836385,2
622,1,0,0.09629447412500464,3
623,0,0,0.0957267582651843,0
624,0,0,0.06149066712346272,1
625,0,0,0.07831466568408711,0
626,0,0,0.3112873032196769,4
627,1,1,0.9976247765686008,1
628,0,0,0.08717140059267438,0
629,0,0,0.05823486361298012,0
630,1,0,0.11836531903079345,0
631,0,0,0.040893702959715963,0
632,1,0,0.47119788511172733,2
633,0,0,0.25456676283024937,1
634,0,0,0.08457946667331784,2
635,1,1,0.8947738683734612,2
636,0,0,0.2208716796931506,3
637,0,0,0.14970852022093512,2
638,0,0,0.16394734282706075,4
639,0,0,0.07484107492609657,2
640,0,0,0.11473881321496382,0
641,1,1,0.6970768372462117,4
642,0,0,0.11762758462268952,3
643,1,0,0.42249147495356576,3
644,1,1,0.8244168554797681,0
645,1,0,0.36874925211046927,2
646,0,0,0.0833336143564648,3
647,1,0,0.3194730506388011,0
648,0,0,0.06973848907835509,3
649,1,1,0.5277932658591923,4
650,0,0,0.08155285873725561,4
651,1,1,0.9430975616545811,3
652,0,0,0.09493126035778748,0
653,1,1,0.775284486036971,2
654,0,1,0.8065568365062018,3
655,0,0,0.19577608448068126,2
656,0,0,0.09501959982250728,3
657,0,1,0.7751798404717247,2
658,0,0,0.08863431947752419,4
659,0,0,0.18306956040960107,2
660,1,0,0.36462772581367525,2
661,0,0,0.06472716751728651,2
662,0,0,0.2007118382441327,2
663,0,0,0.037702969328446585,0
664,1,0,0.07463807098864281,3
665,0,0,0.3490498870352819,4
666,0,0,0.12000959725873026,3
667,0,0,0.07763615649327284,1
668,0,0,0.11004344750140098,4
669,1,1,0.9989714579670491,2
670,1,1,0.9873470290418912,0
671,0,0,0.39428898018029845,0
672,0,0,0.15843059273488916,3
673,1,0,0.11262984714144986,1
674,0,0,0.06982796883846665,0
675,0,0,0.13419933758355393,0
676,0,0,0.09007407699004578,2
677,1,0,0.37150543457524404,4
678,0,0,0.16856265234257886,1
679,1,0,0.40170111396347075,3
680,0,1,0.5920431516225501,3
681,1,0,0.3387592463695142,1
682,0,0,0.11002667545055951,1
683,0,0,0.10398315432280925,0
684,0,0,0.09707176301210366,3
685,0,0,0.29688460794513294,1
686,0,0,0.08966788874550177,4
687,0,0,0.07369315711829592,2
688,0,0,0.14401885933164715,0
689,1,1,0.9050873557529072,1
690,1,0,0.3523624451838915,1
691,1,1,0.8523896955286274,4
692,1,0,0.32409621003533945,2
693,0,0,0.19291958762901637,4
694,0,0,0.36022355915606835,0
695,0,0,0.07817518088391348,4
696,0,0,0.14821744978959492,1
697,1,1,0.7769268566585291,2
698,0,1,0.5349617627281883,0
699,0,0,0.054749657555153916,3
700,1,1,0.9119254486848866,2
701,1,1,0.5354755235201384,3
702,0,1,0.6919780563489538,4
703,0,0,0.18438224850904938,3
704,0,0,0.12499311098730059,2
705,0,0,0.09220688254073044,4
706,1,1,0.8673757917467001,4
707,1,1,0.5953377737548436,1
708,1,1,0.941729256354097,4
709,1,1,0.632303019290307,4
710,1,1,0.6324433785904008,3
711,0,1,0.6124296114160247,1
712,1,0,0.20416644495981998,1
713,0,0,0.09825868476513713,0
714,0,0,0.11790529886075383,0
715,0,0,0.11822081000513285,1
716,1,1,0.9145520608580828,2
717,1,1,0.8020476094884121,0
718,0,0,0.12486481649983233,3
719,0,0,0.0812301543054807,2
720,1,1,0.9952855114515127,4
721,0,0,0.09186199101483619,3
722,0,0,0.12050894507405494,0
723,0,0,0.11028311787114571,2
724,1,0,0.3996217884108083,4
725,0,0,0.06330450204984958,3
726,1,1,0.8009797948707698,4
727,1,1,0.7135444924608587,1
728,0,0,0.07163774855614945,2
729,0,0,0.452643576478569,4
730,1,1,0.913542784420235,2
731,0,0,0.33676958755781816,2
732,0,0,0.06982796883846665,0
733,0,0,0.08863431947752419,4
734,0,0,0.07968848238660528,0
735,0,0,0.07402629050404556,4
736,0,0,0.0448352119631866,3
737,1,0,0.36691750772351417,2
738,0,0,0.09501959982250728,3
739,0,0,0.09501959982250728,3
740,1,0,0.4207939039770743,2
741,0,0,0.4012271497959881,2
742,1,1,0.9906914130236711,0
743,0,0,0.05469734594138695,4
744,1,0,0.24100164713069186,0
745,0,0,0.4524709060428695,3
746,0,0,0.06956778356488863,2
747,1,1,0.9190238939150054,1
748,0,0,0.47738225311638577,3
749,0,0,0.15723671189242058,3
750,1,1,0.917562384134739,1
751,1,1,0.6545736970337889,2
752,0,0,0.1013898323519948,2
753,0,0,0.0685924656220835,4
754,1,1,0.9542375537137785,4
755,1,1,0.7066124085020704,2
756,0,0,0.1263654138734018,0
757,0,0,0.11922974420783979,0
758,0,0,0.10655675262488497,0
759,1,1,0.6780768532818403,0
760,0,0,0.08372544646001918,3
761,0,0,0.04608727124316303,3
762,1,0,0.16753766833190134,4
763,1,1,0.997480523705859,0
764,0,0,0.10149032127576975,2
765,1,1,0.930344309532945,3
766,0,1,0.5043051698429052,1
767,0,1,0.6691993547201833,0
768,0,0,0.14061037277733635,1
769,0,0,0.1785463972339979,0
770,0,0,0.08499295290089308,4
771,0,0,0.09677179030904148,2
772,0,1,0.8016028963789212,2
773,0,0,0.12991449347630482,1
774,1,1,0.8335089218390755,2
775,0,0,0.07179259173778806,4
776,0,0,0.09835549007630014,4
777,1,1,0.6963771754490758,4
778,0,0,0.0936164276680806,3
779,1,1,0.9195860438030127,3
780,1,1,0.8008275915234633,2
781,1,1,0.9937648382454292,0
782,0,1,0.5395903956980372,1
783,0,0,0.081577753618067,2
784,0,0,0.10271805748250537,2
785,0,0,0.08484576181854667,0
786,1,1,0.514911196647796,4
787,0,0,0.17120709529375835,2
788,1,1,0.793215302874061,4
789,0,0,0.32148235907405115,2
790,0,0,0.0733862677248661,0
791,0,0,0.08866573549628591,4
792,0,0,0.028861368339654525,3
793,0,0,0.4092856334339295,2
794,0,0,0.0803021011023035,4
795,0,0,0.11901119165259214,0
796,1,1,0.6041975914624587,0
797,1,0,0.4262957056863624,0
798,0,0,0.060104693105356474,4
799,0,0,0.3049517427852369,2
800,0,0,0.14708762054945435,4
801,1,1,0.9829191995792166,2
802,1,1,0.8399910110502179,0
803,1,1,0.7079752120505659,1
804,1,0,0.10412000341028285,4
805,0,0,0.17304827130114314,4
806,0,0,0.2760337651478253,1
807,0,1,0.650787834833757,0
808,0,0,0.07380790668260166,1
809,1,1,0.9989714579670491,2
810,0,0,0.09107504804742053,1
811,0,0,0.0753801254804513,3
812,0,0,0.10502166135635718,3
813,0,0,0.16447810087081813,4
814,0,0,0.1463787361004089,0
815,0,0,0.17684545963628012,0
816,0,0,0.47738319140852864,0
817,0,0,0.2519289502509092,2
818,0,0,0.05416794159605218,3
819,0,0,0.06631170604714912,3
820,1,1,0.9638152522321134,0
821,1,0,0.08856345087036956,1
822,0,0,0.32079458991580206,2
823,1,1,0.5428424745519494,0
824,0,0,0.32965207139413855,1
825,0,0,0.05035291195609847,4
826,0,0,0.49420738800789893,0
827,1,1,0.757472174961899,2
828,1,0,0.060749233145513934,2
829,1,1,0.9648288487502413,2
830,1,1,0.5015347837446166,0
831,1,1,0.7521923255723819,2
832,0,0,0.11053840290833825,3
833,0,0,0.08341527352006421,2
834,0,0,0.13307039052851785,1
835,1,1,0.9909375135881727,2
836,0,0,0.08108200520927192,2
837,0,0,0.09812298720800319,1
838,1,1,0.5449391621719073,4
839,1,0,0.3910609152874891,4
840,0,0,0.09184894029521282,3
841,0,0,0.12762068918017505,3
842,1,1,0.9959656308783487,4
843,0,0,0.08098680516397852,1
844,0,0,0.125272842074855,1
845,0,0,0.03831534429117471,4
846,0,0,0.27014190279081274,4
847,0,0,0.1344740328811328,3
848,0,0,0.44496885633963207,3
849,1,1,0.9989714579670491,2
850,0,0,0.14270581767308904,3
851,0,0,0.12062408978462524,1
852,0,1,0.8667283704045539,4
853,1,1,0.9975791622451634,4
854,0,1,0.8970084259162919,0
855,1,0,0.38835515585227026,1
856,1,1,0.9088938038726067,1
857,1,0,0.20542638678797484,3
858,1,1,0.6523723085048649,0
859,0,0,0.09022594739648153,0
860,0,0,0.06079327433905646,1
861,0,0,0.08113630466975073,2
862,1,1,0.8766372606724919,0
863,0,0,0.09052297733413396,2
864,0,0,0.09057612019927971,3
865,1,1,0.8328157239606324,2
866,1,1,0.9398466685159187,4
867,0,0,0.18667765517528193,1
868,0,0,0.11796682218687796,2
869,1,1,0.7334787480070135,0
870,0,0,0.09107504804742053,1
871,1,1,0.9848829992648408,1
872,0,0,0.13793222041170014,4
873,0,0,0.10188403926228423,3
874,1,1,0.9415145411473597,4
875,1,1,0.7135463941582417,0
876,0,0,0.1080463603855657,1
877,0,0,0.07673368852170477,2
878,0,0,0.06736461060853431,1
879,1,1,0.9542218639996272,0
880,1,1,0.9184847947095521,4
881,0,0,0.10596640352759876,3
882,0,0,0.39671423330148264,1
883,0,0,0.0722317489420517,1
884,0,0,0.16261959464139483,3
885,0,0,0.3519429929168038,2
886,0,0,0.3109670799808634,0
887,1,1,0.9955540351982972,4
888,0,1,0.5528794488334573,1
889,1,1,0.5078733781856595,3
890,0,0,0.1511994807891487,1
