PassengerId,Survived,Probability
892,0,0.0732319091193819
893,0,0.4372218882787906
894,0,0.14234104431409264
895,0,0.12478769034324266
896,1,0.544996942217915
897,0,0.11100164343544783
898,1,0.6706803307611433
899,0,0.1972124330964619
900,1,0.7108523039727271
901,0,0.07141724139075352
902,0,0.07361540012990729
903,0,0.13442710340968228
904,1,0.9938478420610597
905,0,0.08966812795913578
906,1,0.9864556544273233
907,1,0.9215963939490884
908,0,0.09814109815510134
909,0,0.2075530054022083
910,0,0.47670332431737833
911,1,0.5023057781421547
912,0,0.22384182863385446
913,1,0.7293266327319703
914,1,0.995374132409271
915,0,0.3841652239811427
916,1,0.9270201119554116
917,0,0.0543339813083675
918,1,0.9970126862268814
919,0,0.20825447838366593
920,0,0.4129220749679447
921,0,0.15843244971196513
922,0,0.05780159175195106
923,0,0.14284286094975868
924,1,0.5705739162938437
925,0,0.3263473562082959
926,0,0.44328642299963705
927,0,0.20768048060414016
928,0,0.3907340753181766
929,0,0.3718880036363367
930,0,0.09315957019219234
931,0,0.3901957360971416
932,0,0.12349948594235621
933,1,0.6297278426372468
934,0,0.07464087823941966
935,1,0.9319307583321718
936,1,0.9864556544273233
937,0,0.16050844572408884
938,0,0.3383205930317292
939,0,0.08373608807597928
940,1,0.9438355762507801
941,1,0.5819729057673241
942,0,0.4011237088063199
943,0,0.19579084791403686
944,1,0.9356287537352941
945,1,0.8738226854237869
946,0,0.15211640019005124
947,0,0.06770312376491339
948,0,0.06271980942427997
949,0,0.09399851720861002
950,0,0.06391664676114173
951,1,0.944244600383075
952,0,0.08659195174815594
953,0,0.18905668348098303
954,0,0.09004750208323464
955,1,0.7307798128677728
956,1,0.7685345390963878
957,1,0.9499630077791947
958,1,0.7068906892294212
959,0,0.18172468541763606
960,0,0.36885816507629815
961,1,0.8833964363892554
962,1,0.7269021586178279
963,0,0.0759038669735291
964,0,0.4713289847583871
965,0,0.37129723478466237
966,1,0.944244600383075
967,0,0.374984936957403
968,0,0.11086045724228628
969,1,0.8296818861146288
970,0,0.12538075479674685
971,1,0.7269021586178279
972,1,0.793281513230794
973,0,0.1882904075388305
974,0,0.1606885581930434
975,0,0.07361540012990729
976,0,0.12278986349520983
977,0,0.13140688929625477
978,1,0.7437880836613184
979,0,0.4103888312569074
980,1,0.7186564581614494
981,1,0.8728868577285337
982,1,0.5102622554674969
983,0,0.10398865740300031
984,1,0.9520483418530696
985,0,0.11086045724228628
986,0,0.2769063970387921
987,0,0.1236409229316444
988,1,0.9437926192078228
989,0,0.170206913416533
990,1,0.5762563393078011
991,0,0.10926198852406707
992,1,0.9964201400482905
993,0,0.09223856881249828
994,0,0.08373608807597928
995,0,0.12102179736972837
996,1,0.6221408505192005
997,0,0.0685796450998867
998,0,0.11623179624424405
999,0,0.08373608807597928
1000,0,0.10695959640126979
1001,0,0.08969249739002942
1002,0,0.10877337638099065
1003,1,0.7287990199656569
1004,1,0.9956836795491203
1005,1,0.7098388928207695
1006,1,0.9049446015250859
1007,0,0.20934828783445497
1008,0,0.0756524957333618
1009,1,0.7784706844030774
1010,0,0.43112959723008876
1011,1,0.9330793140626229
1012,1,0.9407154281602597
1013,0,0.0927341002476729
1014,1,0.9977646155254807
1015,0,0.08837791914579342
1016,0,0.08373608807597928
1017,1,0.6019641319880965
1018,0,0.10772330748901751
1019,1,0.6150138736392063
1020,0,0.11898852804559572
1021,0,0.10519233583631526
1022,0,0.20190756099587756
1023,0,0.36617003571367174
1024,0,0.14288714280987383
1025,0,0.08239604987556871
1026,0,0.07457015143112689
1027,0,0.08474601665772513
1028,0,0.2032610966380594
1029,0,0.08732784677393142
1030,0,0.38862150595533484
1031,0,0.11799281420996967
1032,0,0.06334116341668597
1033,1,0.9420050621435366
1034,0,0.22721392813046623
1035,0,0.07541955868483567
1036,1,0.6333611536281014
1037,0,0.1370965288199989
1038,0,0.2547659311679259
1039,0,0.1032567127726794
1040,1,0.6297278426372468
1041,0,0.2634693154230637
1042,1,0.9942178432487951
1043,0,0.1015892860556159
1044,0,0.11757271062144928
1045,0,0.49651667361716356
1046,0,0.08667118344937166
1047,0,0.08454177389929915
1048,1,0.9437193478578224
1049,1,0.5910117510146038
1050,1,0.6333611536281014
1051,1,0.5668786758453137
1052,1,0.7338558230889368
1053,1,0.770312722754968
1054,1,0.8690119917437648
1055,0,0.06334713574881053
1056,0,0.25404109099046496
1057,1,0.5187269344684238
1058,0,0.2540309460382651
1059,0,0.09248519727469721
1060,1,0.9548924143064379
1061,0,0.38072000203134776
1062,0,0.05889208884885845
1063,0,0.19999032335063313
1064,0,0.06750758094678055
1065,0,0.0880425538197358
1066,0,0.13188334713571717
1067,1,0.985054572052723
1068,1,0.995042047720301
1069,0,0.2591474235864703
1070,1,0.9816806395457208
1071,1,0.9343100051013699
1072,0,0.12538075479674685
1073,0,0.4210078324033708
1074,1,0.9941212573874552
1075,0,0.08373608807597928
1076,1,0.9082847949916464
1077,0,0.055385746972844825
1078,1,0.9356520315260257
1079,0,0.16249893510210076
1080,0,0.07237247350175548
1081,0,0.1063580316712393
1082,0,0.0668189937398695
1083,0,0.13634511311466152
1084,1,0.6698727711952644
1085,0,0.12304325589801764
1086,1,0.8540462721869101
1087,0,0.07580659049032777
1088,1,0.881583004851243
1089,1,0.5836461769247829
1090,0,0.07869254861861183
1091,0,0.4509514290594459
1092,1,0.6931916618940414
1093,1,0.8314532698521012
1094,0,0.45811743876886674
1095,1,0.9286728238007556
1096,0,0.08737980721415492
1097,0,0.18592274739235262
1098,1,0.634815838019882
1099,0,0.0807712713669433
1100,1,0.9536718621987508
1101,0,0.08615361660485209
1102,0,0.16053162327920925
1103,0,0.05678873487599107
1104,0,0.2073536929379145
1105,1,0.8037155352629022
1106,0,0.4084996009717152
1107,0,0.25158379777208467
1108,1,0.7408734926194065
1109,0,0.1884461692318335
1110,1,0.9325992311707795
1111,0,0.11086045724228628
1112,1,0.9273940747564708
1113,0,0.10861601723957293
1114,1,0.8940229885553086
1115,0,0.11010857993067871
1116,1,0.8711643920174071
1117,1,0.5588486752700067
1118,0,0.1075802078043219
1119,1,0.7224800336053171
1120,0,0.057259061081311215
1121,0,0.09977804887133743
1122,0,0.22049512485456496
1123,1,0.9669862487142664
1124,0,0.12510211313746797
1125,0,0.08128856022371143
1126,0,0.4185723857089737
1127,0,0.090841507057873
1128,0,0.215104924086092
1129,0,0.21667122242755335
1130,1,0.8894052429758256
1131,1,0.9887331081333485
1132,1,0.8662048955751522
1133,1,0.9548240564309505
1134,0,0.359976085981104
1135,0,0.07361540012990729
1136,0,0.3946016761782889
1137,0,0.3063790936063032
1138,1,0.9270449601949721
1139,0,0.12546803109762708
1140,1,0.9330793140626229
1141,1,0.5153645585104896
1142,1,0.8925503066226875
1143,0,0.18118858293356446
1144,0,0.45991394176737765
1145,0,0.08245188588233579
1146,0,0.17295122039301078
1147,0,0.05889208884885845
1148,0,0.08373608807597928
1149,0,0.11034799967680511
1150,1,0.9095144887989149
1151,0,0.10300209072729359
1152,0,0.04763110002044672
1153,0,0.0830568237722323
1154,1,0.9619840120838116
1155,1,0.7593680433851111
1156,0,0.1395377486234158
1157,0,0.07361540012990729
1158,0,0.12057746528698272
1159,0,0.05889208884885845
1160,0,0.3907340753181766
1161,0,0.09981123553036572
1162,0,0.2943713832679224
1163,0,0.08373608807597928
1164,1,0.9585826815611614
1165,1,0.6927806337551029
1166,0,0.08014168502187229
1167,1,0.928575098114108
1168,0,0.09586003921289682
1169,0,0.05905456805888555
1170,0,0.07543455789177442
1171,0,0.07883564830330746
1172,0,0.38468850908591806
1173,1,0.8367665735667005
1174,1,0.7224800336053171
1175,1,0.6037972464180156
1176,1,0.7188587700175975
1177,0,0.03557286344215015
1178,0,0.05889208884885845
1179,0,0.3712618625032127
1180,0,0.0880425538197358
1181,0,0.11086045724228628
1182,0,0.25222115435296893
1183,1,0.6904451032857951
1184,0,0.0880425538197358
1185,0,0.41392029385888074
1186,0,0.09474995124970811
1187,0,0.08668998009439931
1188,1,0.9065875331930482
1189,0,0.15843244971196513
1190,0,0.2478549383013309
1191,0,0.10600690944731245
1192,0,0.17301319943841334
1193,0,0.14164220350656148
1194,0,0.05708477871599982
1195,0,0.08647942301745208
1196,1,0.7224800336053171
1197,1,0.8539668857784021
1198,0,0.3177459858043743
1199,1,0.7877966125164901
1200,0,0.19915334801829093
1201,0,0.3252044497457316
1202,0,0.10172300417324599
1203,0,0.20825447838366593
1204,0,0.05889208884885845
1205,1,0.5407007886050389
1206,1,0.9714188853857315
1207,1,0.7366579556170944
1208,0,0.226750040594177
1209,0,0.10000247576233263
1210,0,0.12299420653958267
1211,0,0.11869158922006946
1212,0,0.12102179736972837
1213,0,0.19030244336527521
1214,0,0.08732784677393142
1215,1,0.6579741076573417
1216,1,0.9444648696710135
1217,0,0.10102975013039077
1218,1,0.9936118321483065
1219,0,0.2926809870996403
1220,0,0.08032124637140914
1221,0,0.0776262458864368
1222,1,0.9648604076288223
1223,0,0.40011025936633293
1224,0,0.08014168502187229
1225,1,0.6622000408558157
1226,0,0.11557422704395025
1227,0,0.13966020785865824
1228,0,0.20527451616483533
1229,0,0.05581910073602407
1230,0,0.2450015816253371
1231,1,0.6417866662431506
1232,0,0.09617451781071255
1233,0,0.12282464081664096
1234,0,0.22373879631710208
1235,1,0.9059481428017365
1236,1,0.5468680350394117
1237,1,0.679171006487189
1238,0,0.08732784677393142
1239,1,0.5367458347661386
1240,0,0.06924764063982591
1241,1,0.9486790802375489
1242,1,0.9872030824478608
1243,0,0.08737980721415492
1244,0,0.20103945142851895
1245,0,0.20410693681708808
1246,1,0.7358573610135383
1247,0,0.13853470184979044
1248,1,0.9437926192078228
1249,0,0.07361540012990729
1250,0,0.08373608807597928
1251,1,0.5915928072679751
1252,0,0.08491944586672245
1253,1,0.9826686175123791
1254,1,0.9499630077791947
1255,0,0.12478769034324266
1256,1,0.9607731577516374
1257,0,0.17151613516087838
1258,0,0.1309243496137151
1259,0,0.1400143728414217
1260,1,0.9872030824478608
1261,0,0.19521634358297282
1262,0,0.07873172554259865
1263,1,0.9980101937048094
1264,0,0.1361196384612603
1265,0,0.13012682749009588
1266,1,0.9750057595856164
1267,1,0.9396851607190726
1268,0,0.3704592637654242
1269,0,0.07526999819138055
1270,0,0.1036181821546172
1271,0,0.1666427256376446
1272,0,0.08373608807597928
1273,0,0.11652616886898394
1274,1,0.5109503135468748
1275,1,0.6073412023911248
1276,0,0.11202736290845716
1277,1,0.977339911177294
1278,0,0.10627653706900769
1279,0,0.11329387350690061
1280,0,0.1122857973799196
1281,0,0.4397513954849357
1282,0,0.3729642144114409
1283,1,0.9648107310758783
1284,1,0.686003664763986
1285,0,0.10323488523698121
1286,0,0.08057227994940036
1287,1,0.9941212573874552
1288,0,0.10610095549990833
1289,1,0.9891222637956134
1290,0,0.10183340814738356
1291,0,0.09658245110611872
1292,1,0.9437193478578224
1293,0,0.05056373138418998
1294,1,0.9970126862268814
1295,0,0.3001269758894766
1296,0,0.3742845554643876
1297,0,0.2213952708467739
1298,0,0.08125032116757006
1299,0,0.31207951740823275
1300,1,0.7338558230889368
1301,1,0.7245442834959921
1302,1,0.7224800336053171
1303,1,0.9975568233176885
1304,1,0.5698879908486462
1305,0,0.11086045724228628
1306,1,0.784382541724519
1307,0,0.035919183788470505
1308,0,0.11086045724228628
1309,1,0.6325296835791399
